"year","time"
2002,0.672
2003,0.715
2004,0.639
2005,0.624
2006,0.636
2007,0.627
2008,0.63
2009,0.611000000000001
2010,0.653
2011,0.616000000000001
2012,0.621
