"id","species","type","age","dbh","n_trees","height","crown_l","crown_r","crown_a","ba","crown_a_cumsum","biomass_ag","biomass_stem","biomass_branch","biomass_leaf","biomass_root_coarse","biomass_root_fine","biomass_soil","biomass_bg","biomass_total","c_ag","c_bg","c_total","anpp","n_ag","n_bg","n_total","annp","year","NA","NA","NA","NA","NA","NA","NA","NA","NA","NA","NA","NA","NA","NA","NA","NA","NA","NA","NA","NA","NA","NA","NA","NA","NA"
58,"QUIN","sapling",1,1.07,0,2.60902873650864,0.44191,0.12733,0.0509344183254136,8.9920446e-05,7429.36861426709,0,0,0,0,0,0,0,0,0,0.15,0.097512,0.247512,NA,28.1355413652227,15.7036909766999,43.8392323419226,NA,2010
65,"QUNI","sapling",0,1,0,2,0.845,0.1,0.0314,8e-05,NA,NA,NA,NA,NA,NA,NA,NA,NA,NA,NA,NA,NA,NA,NA,NA,NA,NA,2011
56,"PIPA","sapling",3,1.41428338,2,2.66801012135979,0.58409903594,0.12304265406,0.047562125385535,0.000157095509996279,7655.89469281615,0.236900475129411,0.165830332590588,0.0544871092797645,0.0165830332590588,0.0549867090706653,0.0281061797712365,0.161092323087999,0.244185211929901,0.481085687059312,0.232915166295294,0.125940057015529,0.358855223310823,0.0265086119818772,48.6154682899746,15.703399173844,64.3188674638185,0.000421784281996906,2012
64,"PIPA","sapling",1,1.13809446,2,2.41547581181352,0.47003301198,0.09901421802,0.0307995943438948,0.000101729641850787,7656.03374680059,0.133305216549008,0.0933136515843059,0.030660199806272,0.00933136515843059,0.0311758877900144,0.0187172768474653,0.0906475472533258,0.140540711890805,0.273845928439814,0.196656825792153,0.113508625985881,0.310165451778034,NA,48.6150809332103,15.7030118170797,64.31809275029,NA,2012
72,"QUNI","sapling",0,1,0,2,0.845,0.1,0.0314,8e-05,NA,NA,NA,NA,NA,NA,NA,NA,NA,NA,NA,NA,NA,NA,NA,NA,NA,NA,2013
