"year","time"
2002,0.651
2003,0.641
2004,0.631
2005,0.632
2006,0.644
2007,0.675
2008,0.731
2009,0.641999999999999
2010,0.619
2011,0.637
2012,0.610999999999999
